<Personnel>
	<SuperHero>
		<Name>Mr. Incredible</Name>
		<SecretIdentity>Bob Par</SecretIdentity>
	</SuperHero>
	<SuperHero>
		<Name>Elastigirl</Name>	
		<SecretIdentity>Helen Parr</SecretIdentity>
	</SuperHero>
	<SuperHero>
		<Name>Peter Parker</Name>
		<SecretIdentity>Spiderman</SecretIdentity>
	</SuperHero>
	<SuperHero>
		<Name>Ironman</Name>
		<SecretIdentity>Elon Musk</SecretIdentity>
	</SuperHero>
	<SuperHero>
		<Name>Wonder Woman</Name>
		<SecretIdentity>Diana Prince</SecretIdentity>
	</SuperHero>
	<SuperHero>
		<Name>Catwoman</Name>
		<SecretIdentity>Selina Kyle</SecretIdentity>
	</SuperHero>
</Personnel>