<project xmlns="http://maven.apache.org/POM/4.0.0" xmlns:xsi="http://www.w3.org/2001/XMLSchema-instance"
	xsi:schemaLocation="http://maven.apache.org/POM/4.0.0 http://maven.apache.org/maven-v4_0_0.xsd">
	<modelVersion>4.0.0</modelVersion>
	<groupId>com.example</groupId>
	<artifactId>jmeter-demo</artifactId>
	<packaging>jar</packaging>
	<version>1.0-SNAPSHOT</version>
	<name>jmeter-demo</name>
	<url>http://maven.apache.org</url>



	<properties>
		<jmeter.test>test-02.jmx</jmeter.test>	
	</properties>
	<build>
		<defaultGoal>install</defaultGoal>
		<plugins>
			<plugin>
				<groupId>com.lazerycode.jmeter</groupId>
				<artifactId>jmeter-maven-plugin</artifactId>
				<version>2.1.0</version>
                        	<configuration>
					<jmeterVersion>3.1</jmeterVersion>
                                        <testFilesIncluded>
                                                <jMeterTestFile>${jmeter.test}</jMeterTestFile>
                                        </testFilesIncluded>
                                        <jmeterExtensions>
                                                <artifact>com.h2database:h2:1.4.191</artifact>
                                        </jmeterExtensions>
					<propertiesJMeter>
						<summariser.interval>10</summariser.interval>
					</propertiesJMeter>
                                </configuration>
				<executions>
					<execution>
						<id>jmeter-tests</id>
						<phase>verify</phase>
						<goals>
							<goal>jmeter</goal>
						</goals>
					</execution>
				</executions>
			</plugin>
		</plugins>
	</build>
</project>

