<NCOVR>
  <County>
    <Name>Oconee</Name>
    <State>Georgia</State>
    <HR7983>7.768076</HR7983>
    <HR8587>2.210482</HR8587>
    <HR8995>5.287129</HR8995>
  </County>
  <County>
    <Name>De Kalb</Name>
    <State>Georgia</State>
    <HR7983>11.655774</HR7983>
    <HR8587>12.144973</HR8587>
    <HR8995>15.537506</HR8995>
  </County>
  <County>
    <Name>Cleburne</Name>
    <State>Alabama</State>
    <HR7983>18.881878</HR7983>
    <HR8587>10.553811</HR8587>
    <HR8995>16.558485</HR8995>
  </County>
  <County>
    <Name>Walton</Name>
    <State>Georgia</State>
    <HR7983>12.090129</HR7983>
    <HR8587>8.585492</HR8587>
    <HR8995>8.217715</HR8995>
  </County>
  <County>
    <Name>Haralson</Name>
    <State>Georgia</State>
    <HR7983>10.641921</HR7983>
    <HR8587>8.011793</HR8587>
    <HR8995>6.360271</HR8995>
  </County>
  <County>
    <Name>Carroll</Name>
    <State>Georgia</State>
    <HR7983>12.027491</HR7983>
    <HR8587>10.694697</HR8587>
    <HR8995>8.870924</HR8995>
  </County>
  <County>
    <Name>Morgan</Name>
    <State>Georgia</State>
    <HR7983>15.323583</HR7983>
    <HR8587>10.743735</HR8587>
    <HR8995>9.630200</HR8995>
  </County>
  <County>
    <Name>Douglas</Name>
    <State>Georgia</State>
    <HR7983>9.302292</HR7983>
    <HR8587>6.193037</HR8587>
    <HR8995>5.854757</HR8995>
  </County>
  <County>
    <Name>Rockdale</Name>
    <State>Georgia</State>
    <HR7983>4.789986</HR7983>
    <HR8587>8.838802</HR8587>
    <HR8995>3.912564</HR8995>
  </County>
  <County>
    <Name>Greene</Name>
    <State>Georgia</State>
    <HR7983>17.314218</HR7983>
    <HR8587>14.404241</HR8587>
    <HR8995>16.330911</HR8995>
  </County>
  <County>
    <Name>Newton</Name>
    <State>Georgia</State>
    <HR7983>13.992903</HR7983>
    <HR8587>20.508263</HR8587>
    <HR8995>9.458859</HR8995>
  </County>
  <County>
    <Name>Taliaferro</Name>
    <State>Georgia</State>
    <HR7983>19.349845</HR7983>
    <HR8587>16.103060</HR8587>
    <HR8995>23.228804</HR8995>
  </County>
  <County>
    <Name>Talladega</Name>
    <State>Alabama</State>
    <HR7983>9.945969</HR7983>
    <HR8587>9.316357</HR8587>
    <HR8995>12.955071</HR8995>
  </County>
  <County>
    <Name>Clayton</Name>
    <State>Georgia</State>
    <HR7983>7.822084</HR7983>
    <HR8587>9.950467</HR8587>
    <HR8995>10.144222</HR8995>
  </County>
  <County>
    <Name>Henry</Name>
    <State>Georgia</State>
    <HR7983>13.447729</HR7983>
    <HR8587>8.726194</HR8587>
    <HR8995>5.803169</HR8995>
  </County>
  <County>
    <Name>Fayette</Name>
    <State>Georgia</State>
    <HR7983>5.731316</HR7983>
    <HR8587>3.494964</HR8587>
    <HR8995>3.305901</HR8995>
  </County>
  <County>
    <Name>Jasper</Name>
    <State>Georgia</State>
    <HR7983>2.607018</HR7983>
    <HR8587>21.394035</HR8587>
    <HR8995>9.830747</HR8995>
  </County>
  <County>
    <Name>Coweta</Name>
    <State>Georgia</State>
    <HR7983>11.480540</HR7983>
    <HR8587>15.939834</HR8587>
    <HR8995>7.017117</HR8995>
  </County>
  <County>
    <Name>Randolph</Name>
    <State>Alabama</State>
    <HR7983>19.921509</HR7983>
    <HR8587>8.468835</HR8587>
    <HR8995>14.900592</HR8995>
  </County>
  <County>
    <Name>Clay</Name>
    <State>Alabama</State>
    <HR7983>7.244907</HR7983>
    <HR8587>2.468039</HR8587>
    <HR8995>7.488073</HR8995>
  </County>
  <County>
    <Name>Putnam</Name>
    <State>Georgia</State>
    <HR7983>22.511115</HR7983>
    <HR8587>0.000000</HR8587>
    <HR8995>14.382281</HR8995>
  </County>
  <County>
    <Name>Hancock</Name>
    <State>Georgia</State>
    <HR7983>14.822657</HR7983>
    <HR8587>14.381764</HR8587>
    <HR8995>12.701034</HR8995>
  </County>
  <County>
    <Name>Butts</Name>
    <State>Georgia</State>
    <HR7983>9.974494</HR7983>
    <HR8587>6.732496</HR8587>
    <HR8995>17.363015</HR8995>
  </County>
</NCOVR>
